{"episode_id": 0, "content_type": "video/mp4", "encoder_version": {"backend": "ffmpeg", "version": "b'ffmpeg version n4.3.1 Copyright (c) 2000-2020 the FFmpeg developers\\nbuilt with gcc 10.1.0 (GCC)\\nconfiguration: --prefix=/usr --disable-debug --disable-static --disable-stripping --enable-avisynth --enable-fontconfig --enable-gmp --enable-gnutls --enable-gpl --enable-ladspa --enable-libaom --enable-libass --enable-libbluray --enable-libdav1d --enable-libdrm --enable-libfreetype --enable-libfribidi --enable-libgsm --enable-libiec61883 --enable-libjack --enable-libmfx --enable-libmodplug --enable-libmp3lame --enable-libopencore_amrnb --enable-libopencore_amrwb --enable-libopenjpeg --enable-libopus --enable-libpulse --enable-librav1e --enable-libsoxr --enable-libspeex --enable-libsrt --enable-libssh --enable-libtheora --enable-libv4l2 --enable-libvidstab --enable-libvmaf --enable-libvorbis --enable-libvpx --enable-libwebp --enable-libx264 --enable-libx265 --enable-libxcb --enable-libxml2 --enable-libxvid --enable-nvdec --enable-nvenc --enable-omx --enable-shared --enable-version3\\nlibavutil      56. 51.100 / 56. 51.100\\nlibavcodec     58. 91.100 / 58. 91.100\\nlibavformat    58. 45.100 / 58. 45.100\\nlibavdevice    58. 10.100 / 58. 10.100\\nlibavfilter     7. 85.100 /  7. 85.100\\nlibswscale      5.  7.100 /  5.  7.100\\nlibswresample   3.  7.100 /  3.  7.100\\nlibpostproc    55.  7.100 / 55.  7.100\\n'", "cmdline": ["ffmpeg", "-nostats", "-loglevel", "error", "-y", "-f", "rawvideo", "-s:v", "600x400", "-pix_fmt", "rgb24", "-framerate", "50", "-i", "-", "-vf", "scale=trunc(iw/2)*2:trunc(ih/2)*2", "-vcodec", "libx264", "-pix_fmt", "yuv420p", "-r", "50", "/home/florian/school/advanced_ai/assignments/deepq/video/deepq-LunarLander-v2-0.0001-best-298.0.h5/openaigym.video.0.116828.video000000.mp4"]}}